{
    "BV1kK4y1b7dH": 0.7646214198185314,
    "BV1hQ4y1y7Yo": 0.5591365662209805,
    "BV1hv411v7fY": 0.7603203131859335,
    "BV1VR4y1P79Z": 0.4108566598144128,
    "BV1PY41187dE": 0.8899214609694275,
    "BV1CV4y1G7fX": 0.933582208382725,
    "BV1A54y1F7v6": 0.8852280959407333,
    "BV114411R7G2": 0.35548479699074453,
    "BV1qi4y1A7PU": 0.4647495361781076,
    "BV1ZK4y1Q7uG": 0.271570908015221,
    "BV1SJ4m1J76C": 0.9668787332421028
}